paradigm,category,citation,year,title,drug,species,paper_type,exposure_paradigm,route,acute_chronic,brain_region,short_conclusion,method_family,neuroscience_methods,imaging_type,in_vivo_imaging,confidence,notes,url,roadmap_ivsa,roadmap_species,roadmap_mouse_yn,roadmap_circuit
IV self-administration,Review/Methods,"Swain et al., 2021, Drug Alcohol Depend.",2021,Behavioral predictors of opioid addiction vulnerability measured with IV self-administration in rats,Multiple opioids,Rat (review),,,,,,Review: individual behavioral traits can predict vulnerability to opioid-taking and addiction-like phenotypes in rat IVSA models.,Review,Literature review of behavioral IVSA studies; no new imaging/ex vivo experiment.,,no,High,Review paper; summary-level conclusion.,https://pubmed.ncbi.nlm.nih.gov/?term=Swain%20et%20al.%2C%202021%2C%20Drug%20Alcohol%20Depend.%20Behavioral%20predictors%20of%20opioid%20addiction%20vulnerability%20measured%20with%20IV%20self-administration%20in%20rats,yes,Review / cross-species (see `species` column),n/a,Z — Review / survey (use title for topics)
IV self-administration,Review/Methods,"Panlilio & Goldberg, 2007",2007,Drug self-administration as a model of drug abuse and addiction,Multiple drugs/opioids,Animal + human review,,,,,,"Review: self-administration models capture reinforcement, motivation, and relapse-like behavior with strong translational relevance.",Review,Broad review of self-administration methods and interpretation.,,no,High,Broad conceptual review.,https://pubmed.ncbi.nlm.nih.gov/?term=Panlilio%20%26%20Goldberg%2C%202007%20Drug%20self-administration%20as%20a%20model%20of%20drug%20abuse%20and%20addiction,yes,Review / cross-species (see `species` column),n/a,Z — Review / survey (use title for topics)
IV self-administration,Review/Methods,"Sedki et al., 2013",2013,Protocol-style paper for IV heroin self-administration in rats,Heroin,Rat,,,,,,Method/protocol: provides a practical rat IV heroin self-administration procedure for addiction-related behavioral studies.,Behavioral protocol,Behavioral IVSA protocol; catheter surgery/training/extinction-reinstatement workflow.,,no,High,Protocol/methods oriented.,https://pubmed.ncbi.nlm.nih.gov/?term=Sedki%20et%20al.%2C%202013%20Protocol-style%20paper%20for%20IV%20heroin%20self-administration%20in%20rats,yes,Review / cross-species (see `species` column),n/a,Z — Review / survey (use title for topics)
IV self-administration,Review/Methods,"Moussawi et al., 2020",2020,Fentanyl vapor model with note that IV opioid self-administration is the gold standard,Fentanyl,Rat,,,,,,Model paper: fentanyl vapor supports opioid addiction-like behaviors; notes that rat IV opioid self-administration/relapse models remain the preclinical gold standard.,Behavioral model,Behavioral addiction model; not IV imaging-focused.,,no,Medium,Included because it comments on IVSA as benchmark.,https://pubmed.ncbi.nlm.nih.gov/?term=Moussawi%20et%20al.%2C%202020%20Fentanyl%20vapor%20model%20with%20note%20that%20IV%20opioid%20self-administration%20is%20the%20gold%20standard,yes,Review / cross-species (see `species` column),n/a,Z — Review / survey (use title for topics)
IV self-administration,Heroin IVSA,"Ettenberg et al., 1982",1982,Classic heroin and cocaine IV self-administration in rats,Heroin,Rat,,,,,,"Classic study showing heroin can maintain operant IV self-administration in rats, validating heroin as a reinforcer.",Behavioral only,Behavioral IVSA (lever pressing for IV infusion).,,no,High,Foundational behavioral study.,https://pubmed.ncbi.nlm.nih.gov/?term=Ettenberg%20et%20al.%2C%201982%20Classic%20heroin%20and%20cocaine%20IV%20self-administration%20in%20rats,yes,Rat,no,Z — IVSA behavioral / no circuit tag in index
IV self-administration,Heroin IVSA,"Stewart & Vezina, 1992",1992,Reinstatement of heroin self-administration habits in rats,Heroin,Rat,,,,,,"Heroin-seeking can re-emerge after extinction, supporting reinstatement as a model of relapse.",Behavioral only,Behavioral extinction/reinstatement testing.,,no,High,Relapse/reinstatement focus.,https://pubmed.ncbi.nlm.nih.gov/?term=Stewart%20%26%20Vezina%2C%201992%20Reinstatement%20of%20heroin%20self-administration%20habits%20in%20rats,yes,Rat,no,Z — IVSA behavioral / no circuit tag in index
IV self-administration,Heroin IVSA,"Chen et al., 2006",2006,23-h unlimited-access heroin IVSA in rats,Heroin,Rat,,,,,,Very long-access heroin self-administration promotes escalation/dependence-like features and models transition toward compulsive use.,Behavioral only,Extended-access IVSA; dependence/escalation paradigm.,,no,High,Long-access dependence model.,https://pubmed.ncbi.nlm.nih.gov/?term=Chen%20et%20al.%2C%202006%2023-h%20unlimited-access%20heroin%20IVSA%20in%20rats,yes,Rat,no,Z — IVSA behavioral / no circuit tag in index
IV self-administration,Heroin IVSA,"Lynch & Carroll, 1999",1999,Sex differences in acquisition of IV heroin self-administration,Heroin,Rat,,,,,,Sex influences heroin self-administration acquisition and/or intake patterns.,Behavioral only,Behavioral IVSA with sex comparison.,,no,High,Sex-difference study.,https://pubmed.ncbi.nlm.nih.gov/?term=Lynch%20%26%20Carroll%2C%201999%20Sex%20differences%20in%20acquisition%20of%20IV%20heroin%20self-administration,yes,Rat,no,Z — IVSA behavioral / no circuit tag in index
IV self-administration,Heroin IVSA,"Avvisati et al., 2019",2019,Reinforcing effects of 6-acetylmorphine in rats,6-acetylmorphine,Rat,,,,,,"6-acetylmorphine, a heroin metabolite, is reinforcing and supports IV self-administration.",Behavioral only,Behavioral IVSA / reinforcement assessment.,,no,High,Metabolite reinforcement study.,https://pubmed.ncbi.nlm.nih.gov/?term=Avvisati%20et%20al.%2C%202019%20Reinforcing%20effects%20of%206-acetylmorphine%20in%20rats,yes,Rat,no,Z — IVSA behavioral / no circuit tag in index
IV self-administration,Heroin IVSA,"Gipson et al., 2020",2020,Withdrawal syndrome characterization after heroin self-administration in rats,Heroin,Rat,,,,,,"Withdrawal signs following heroin IVSA are measurable and evolve over time, providing a time-resolved withdrawal phenotype.",Behavior + withdrawal phenotyping,Behavioral IVSA plus withdrawal symptom scoring/phenotyping.,,no,High,Physiological/behavioral withdrawal characterization.,https://pubmed.ncbi.nlm.nih.gov/?term=Gipson%20et%20al.%2C%202020%20Withdrawal%20syndrome%20characterization%20after%20heroin%20self-administration%20in%20rats,yes,Rat,no,Z — Not tagged / distributed or unclear
IV self-administration,Fentanyl IVSA,"Awasaki et al., 1997",1997,Fentanyl self-administration under a progressive-ratio schedule,Fentanyl,Rat,,,,,,"Fentanyl maintains responding under progressive-ratio schedules, indicating high reinforcing efficacy/motivation.",Behavioral only,Behavioral IVSA with progressive-ratio testing.,,no,Medium,Citation spelling/year retained as provided by user list.,https://pubmed.ncbi.nlm.nih.gov/?term=Awasaki%20et%20al.%2C%201997%20Fentanyl%20self-administration%20under%20a%20progressive-ratio%20schedule,yes,Rat,no,Z — IVSA behavioral / no circuit tag in index
IV self-administration,Fentanyl IVSA,"Sustkova-Fiserova et al., 2020",2020,Ghrelin receptor antagonism reduces ongoing fentanyl IVSA and later seeking,Fentanyl,Rat,,,,,,Blocking ghrelin signaling reduces ongoing fentanyl intake and later fentanyl-seeking/relapse-like behavior.,Behavior + pharmacology,Behavioral IVSA/reinstatement with systemic pharmacological manipulation.,,no,High,Mechanism via ghrelin receptor antagonism.,https://pubmed.ncbi.nlm.nih.gov/?term=Sustkova-Fiserova%20et%20al.%2C%202020%20Ghrelin%20receptor%20antagonism%20reduces%20ongoing%20fentanyl%20IVSA%20and%20later%20seeking,yes,Rat,no,Z — Not tagged / distributed or unclear
IV self-administration,Fentanyl IVSA,"Bakhti-Suroosh et al., 2021",2021,Extended-access fentanyl self-administration and abstinence model,Fentanyl,Rat,,,,,,Extended-access fentanyl self-administration with abstinence models dependence-like behavior and is sensitive to buprenorphine validation.,Behavior + pharmacology,Behavioral IVSA/abstinence with medication validation.,,no,High,Medication-validation model.,https://pubmed.ncbi.nlm.nih.gov/?term=Bakhti-Suroosh%20et%20al.%2C%202021%20Extended-access%20fentanyl%20self-administration%20and%20abstinence%20model,yes,Rat,no,Z — Not tagged / distributed or unclear
IV self-administration,Fentanyl IVSA,"Malone et al., 2021",2021,Escalation and reinstatement of fentanyl self-administration in male and female rats,Fentanyl,Rat,,,,,,Fentanyl intake can escalate and later reinstate; both sexes show robust self-administration with possible sex-related differences.,Behavioral only,"Behavioral IVSA, extinction, reinstatement, sex comparison.",,no,High,Escalation + reinstatement.,https://pubmed.ncbi.nlm.nih.gov/?term=Malone%20et%20al.%2C%202021%20Escalation%20and%20reinstatement%20of%20fentanyl%20self-administration%20in%20male%20and%20female%20rats,yes,Rat,no,Z — IVSA behavioral / no circuit tag in index
IV self-administration,Fentanyl IVSA,"Urbanik et al., 2022",2022,Rats readily self-administer fentanyl intravenously and show cue- and drug-induced seeking,Fentanyl,Rat,,,,,,Rats acquire IV fentanyl self-administration readily and later exhibit cue- and drug-triggered fentanyl seeking.,Behavioral only,Behavioral IVSA with cue/drug-induced reinstatement.,,no,High,Useful baseline fentanyl model.,https://pubmed.ncbi.nlm.nih.gov/?term=Urbanik%20et%20al.%2C%202022%20Rats%20readily%20self-administer%20fentanyl%20intravenously%20and%20show%20cue-%20and%20drug-induced%20seeking,yes,Rat,no,Z — IVSA behavioral / no circuit tag in index
IV self-administration,Fentanyl IVSA,"Wheeler et al., 2023",2023,Behavioral consequences after fentanyl self-administration in rats,Fentanyl,Rat,,,,,,Fentanyl self-administration produces persistent behavioral consequences after exposure and/or abstinence.,Behavioral only,Behavioral IVSA plus post-exposure behavioral testing.,,no,Medium,Broad summary from title-level sweep.,https://pubmed.ncbi.nlm.nih.gov/?term=Wheeler%20et%20al.%2C%202023%20Behavioral%20consequences%20after%20fentanyl%20self-administration%20in%20rats,yes,Rat,no,Z — IVSA behavioral / no circuit tag in index
IV self-administration,Fentanyl IVSA,"Fox et al., 2024",2024,Transcriptional signatures after fentanyl self-administration in the mouse VTA,Fentanyl,Mouse,,,,,,Fentanyl self-administration reshapes VTA transcriptional programs in a cell-type-relevant manner.,Molecular / transcriptomics,Behavioral IVSA plus VTA single-nuclei RNA-seq / transcriptional profiling after fentanyl self-administration.,,no,High,Not in vivo imaging; molecular profiling study.,https://pubmed.ncbi.nlm.nih.gov/?term=Fox%20et%20al.%2C%202024%20Transcriptional%20signatures%20after%20fentanyl%20self-administration%20in%20the%20mouse%20VTA,yes,Mouse,yes,"A — Mesolimbic & striatum (VTA, NAc, striatum, VP, dopamine endpoints)"
IV self-administration,Fentanyl IVSA,"Magnard et al., 2025",2025,Transcriptional response to chronic long-access fentanyl self-administration,Fentanyl,Rat,,,,,,Chronic long-access fentanyl self-administration induces durable transcriptional adaptations in addiction-relevant brain tissue.,Molecular / transcriptomics,Transcriptomic profiling after long-access fentanyl IVSA.,,no,Medium,Recent paper; summary based on title/abstract-level mention.,https://pubmed.ncbi.nlm.nih.gov/?term=Magnard%20et%20al.%2C%202025%20Transcriptional%20response%20to%20chronic%20long-access%20fentanyl%20self-administration,yes,Rat,no,Z — Not tagged / distributed or unclear
IV self-administration,Morphine IVSA,"Young et al., 1977",1977,Older rat work involving morphine self-administration,Morphine,Rat,,,,,,Early evidence that morphine can support intravenous self-administration in rodents.,Behavioral only,Behavioral IVSA.,,no,Medium,Early foundational study.,https://pubmed.ncbi.nlm.nih.gov/?term=Young%20et%20al.%2C%201977%20Older%20rat%20work%20involving%20morphine%20self-administration,yes,Rat,no,Z — IVSA behavioral / no circuit tag in index
IV self-administration,Morphine IVSA,"Young et al., 1983",1983,Dependent rats trained to lever-press for morphine self-injections,Morphine,Rat,,,,,,"Morphine-dependent rats will lever-press for IV morphine, indicating dependence state can support/alter operant morphine taking.",Behavioral only,Behavioral IVSA in dependence model.,,no,High,Dependence-related self-administration.,https://pubmed.ncbi.nlm.nih.gov/?term=Young%20et%20al.%2C%201983%20Dependent%20rats%20trained%20to%20lever-press%20for%20morphine%20self-injections,yes,Rat,no,Z — IVSA behavioral / no circuit tag in index
IV self-administration,Morphine IVSA,"Grasing et al., 2003",2003,IV morphine self-administration under FR and progressive-ratio schedules,Morphine,Rat,,,,,,"Morphine supports reliable responding under fixed-ratio and progressive-ratio schedules, enabling assessment of reinforcement and motivation.",Behavioral only,Behavioral IVSA with FR and PR schedules.,,no,High,Dose/reinforcement characterization.,https://pubmed.ncbi.nlm.nih.gov/?term=Grasing%20et%20al.%2C%202003%20IV%20morphine%20self-administration%20under%20FR%20and%20progressive-ratio%20schedules,yes,Rat,no,Z — IVSA behavioral / no circuit tag in index
IV self-administration,Morphine IVSA,"Mierzejewski et al., 2007",2007,History of cocaine self-administration alters morphine IVSA,Morphine,Rat,,,,,,Prior cocaine self-administration history changes subsequent morphine self-administration behavior.,Behavioral only,Behavioral IVSA with prior-drug-history manipulation.,,no,High,Cross-drug history effect.,https://pubmed.ncbi.nlm.nih.gov/?term=Mierzejewski%20et%20al.%2C%202007%20History%20of%20cocaine%20self-administration%20alters%20morphine%20IVSA,yes,Rat,no,Z — IVSA behavioral / no circuit tag in index
IV self-administration,Morphine IVSA,"Biegler et al., 2016",2016,Increased intravenous morphine self-administration in a rat bariatric-surgery model,Morphine,Rat,,,,,,"A bariatric-surgery-related condition increased later morphine self-administration, linking physiological state to opioid vulnerability.",Behavioral only,Behavioral IVSA in surgery/metabolic model.,,no,High,Physiological-state vulnerability.,https://pubmed.ncbi.nlm.nih.gov/?term=Biegler%20et%20al.%2C%202016%20Increased%20intravenous%20morphine%20self-administration%20in%20a%20rat%20bariatric-surgery%20model,yes,Rat,no,Z — IVSA behavioral / no circuit tag in index
IV self-administration,Morphine IVSA,"Gutierrez et al., 2021",2021,Peripheral nerve injury promotes morphine-seeking after IV morphine self-administration,Morphine,Rat,,,,,,"Peripheral nerve injury enhances morphine-seeking after IVSA, linking pain state to opioid relapse-like behavior.",Behavior + pain model,Behavioral IVSA/seeking with peripheral nerve injury manipulation.,,no,High,Pain-state effect on seeking.,https://pubmed.ncbi.nlm.nih.gov/?term=Gutierrez%20et%20al.%2C%202021%20Peripheral%20nerve%20injury%20promotes%20morphine-seeking%20after%20IV%20morphine%20self-administration,yes,Rat,no,Z — Not tagged / distributed or unclear
IV self-administration,Morphine IVSA,"Guenther et al., 2025",2025,Acquisition and PR testing of IV morphine self-administration in rats,Morphine,Rat,,,,,,"Morphine supports acquisition and progressive-ratio responding, providing a current rat IV morphine reinforcement model.",Behavioral only,Behavioral IVSA with PR testing.,,no,Medium,Recent paper; broad title-level summary.,https://pubmed.ncbi.nlm.nih.gov/?term=Guenther%20et%20al.%2C%202025%20Acquisition%20and%20PR%20testing%20of%20IV%20morphine%20self-administration%20in%20rats,yes,Rat,no,Z — IVSA behavioral / no circuit tag in index
IV self-administration,Morphine IVSA,"Brunetti et al., 2024",2024,Rat study with active lever delivering IV morphine,Morphine,Rat,,,,,,Active-lever access to IV morphine supports reinforced responding in rats.,Behavioral only,Behavioral IVSA.,,no,Low,Very broad description from prior note; exact scope should be checked.,https://pubmed.ncbi.nlm.nih.gov/?term=Brunetti%20et%20al.%2C%202024%20Rat%20study%20with%20active%20lever%20delivering%20IV%20morphine,yes,Rat,no,Z — IVSA behavioral / no circuit tag in index
IV self-administration,Remifentanil IVSA,"Panlilio et al., 2000",2000,Dose-effect function for intravenous remifentanil self-administration in rats,Remifentanil,Rat,,,,,,Defines a dose-effect relationship showing remifentanil is a potent IV reinforcer in rats.,Behavioral only,Behavioral IVSA dose-effect testing.,,no,High,Dose-response characterization.,https://pubmed.ncbi.nlm.nih.gov/?term=Panlilio%20et%20al.%2C%202000%20Dose-effect%20function%20for%20intravenous%20remifentanil%20self-administration%20in%20rats,yes,Rat,no,Z — IVSA behavioral / no circuit tag in index
IV self-administration,Remifentanil IVSA,"James et al., 2013",2013,Cell-type-specific plasticity in nucleus accumbens after remifentanil self-administration,Remifentanil,Mouse,,,,,,Remifentanil self-administration drives cell-type-specific synaptic/plasticity changes in nucleus accumbens MSNs.,Ex vivo electrophysiology,Behavioral IVSA plus post hoc ex vivo electrophysiology in genetically identified D1- and D2-GFP NAc MSNs.,,no,High,Not in vivo imaging; post hoc slice physiology after remifentanil IVSA.,https://pubmed.ncbi.nlm.nih.gov/?term=James%20et%20al.%2C%202013%20Cell-type-specific%20plasticity%20in%20nucleus%20accumbens%20after%20remifentanil%20self-administration,yes,Mouse,yes,"A — Mesolimbic & striatum (VTA, NAc, striatum, VP, dopamine endpoints)"
IV self-administration,Remifentanil IVSA,"Hofford et al., 2017",2017,Environmental enrichment and remifentanil self-administration,Remifentanil,Mouse,,,,,,Environmental enrichment modifies vulnerability to remifentanil self-administration and related behaviors.,Behavioral only,Behavioral IVSA with housing/environment manipulation.,,no,High,Environmental modulation study.,https://pubmed.ncbi.nlm.nih.gov/?term=Hofford%20et%20al.%2C%202017%20Environmental%20enrichment%20and%20remifentanil%20self-administration,yes,Mouse,yes,Z — IVSA behavioral / no circuit tag in index
IV self-administration,Remifentanil IVSA,"Anderson et al., 2021",2021,Sex-specific prefrontal dysfunction and cognitive-flexibility deficits after remifentanil self-administration,Remifentanil,Mouse,,,,,,Remifentanil self-administration produces sex-specific prelimbic cortical dysfunction and cognitive-flexibility impairments.,Ex vivo electrophysiology,Behavioral IVSA plus ex vivo intrinsic excitability recordings in prelimbic pyramidal neurons and cognitive-flexibility testing.,,no,High,Not in vivo imaging; combines behavior with ex vivo physiology and cognition assays.,https://pubmed.ncbi.nlm.nih.gov/?term=Anderson%20et%20al.%2C%202021%20Sex-specific%20prefrontal%20dysfunction%20and%20cognitive-flexibility%20deficits%20after%20remifentanil%20self-administration,yes,Mouse,yes,B — Cortex & cortico-striatal / cortico-midbrain
IV self-administration,Remifentanil IVSA,"Sharpe et al., 2024",2024,Age effects on acquisition of IV remifentanil and fentanyl self-administration in mice,Remifentanil / Fentanyl,Mouse,,,,,,Age influences acquisition and/or intake patterns for opioid self-administration in mice.,Behavioral only,Behavioral IVSA with developmental-age comparison.,,no,Medium,Broad summary from title-level mention.,https://pubmed.ncbi.nlm.nih.gov/?term=Sharpe%20et%20al.%2C%202024%20Age%20effects%20on%20acquisition%20of%20IV%20remifentanil%20and%20fentanyl%20self-administration%20in%20mice,yes,Mouse,yes,Z — IVSA behavioral / no circuit tag in index
IV self-administration,Oxycodone IVSA,"Mavrikaki et al., 2017",2017,Oxycodone self-administration in male and female rats,Oxycodone,Rat,,,,,,"Male and female rats self-administer oxycodone, with sex influencing aspects of intake and/or escalation.",Behavioral only,Behavioral IVSA with sex comparison.,,no,High,Sex-difference paper.,https://pubmed.ncbi.nlm.nih.gov/?term=Mavrikaki%20et%20al.%2C%202017%20Oxycodone%20self-administration%20in%20male%20and%20female%20rats,yes,Rat,no,Z — IVSA behavioral / no circuit tag in index
IV self-administration,Oxycodone IVSA,"Townsend et al., 2021",2021,Rat opioid choice/self-administration procedures relevant to oxycodone taking and seeking,Oxycodone,Rat,,,,,,"Behavioral choice/self-administration procedures can model oxycodone taking, seeking, and relapse-related decision processes.",Behavioral only,Behavioral self-administration / choice procedure.,,no,Medium,Included as relevant procedural/behavioral paper.,https://pubmed.ncbi.nlm.nih.gov/?term=Townsend%20et%20al.%2C%202021%20Rat%20opioid%20choice/self-administration%20procedures%20relevant%20to%20oxycodone%20taking%20and%20seeking,yes,Rat,no,Z — IVSA behavioral / no circuit tag in index
IV self-administration,Oxycodone IVSA,"Duffy et al., 2024",2024,Sex and genetic background influence intravenous oxycodone self-administration,Oxycodone,Mouse or rat (check source),,,,,,Biological sex and genetic background shape vulnerability to IV oxycodone self-administration.,Behavioral only,Behavioral IVSA with sex/strain-genotype comparison.,,no,Medium,Species should be checked in source.,https://pubmed.ncbi.nlm.nih.gov/?term=Duffy%20et%20al.%2C%202024%20Sex%20and%20genetic%20background%20influence%20intravenous%20oxycodone%20self-administration,yes,Mouse + rat,partial,Z — IVSA behavioral / no circuit tag in index
IV self-administration,Oxycodone IVSA,"Wabreha et al., 2025",2025,Escalated oxycodone self-administration with associated transcriptional changes,Oxycodone,Rodent (check source),,,,,,Escalated oxycodone self-administration is associated with transcriptional adaptations in addiction-related tissue.,Molecular / transcriptomics,Behavioral self-administration plus transcriptomic profiling.,,no,Medium,Species and exact assay should be checked in source.,https://pubmed.ncbi.nlm.nih.gov/?term=Wabreha%20et%20al.%2C%202025%20Escalated%20oxycodone%20self-administration%20with%20associated%20transcriptional%20changes,yes,Rodent (unspecified),no,Z — Not tagged / distributed or unclear
IV self-administration,Heroin IVSA,"Wang et al., 2025 (PrL CaMKII photometry)",2025,Heroin self-administration with abstinence; fiber photometry of prelimbic CaMKII neurons during cue-induced seeking and social interaction,Heroin,Mouse,,,,,,"After heroin self-administration and abstinence, heroin-associated cues increased prelimbic CaMKII calcium signals while social-investigation signals were reduced, linking PrL activity to seeking-related and social-behavior deficits.",In vivo imaging,Fiber photometry of PrL CaMKII neurons during cue-induced heroin seeking and social interaction testing after abstinence.,,yes,Medium,Added from later circuit-focused screen; emphasis on abstinence/cue seeking rather than acquisition imaging.,https://pubmed.ncbi.nlm.nih.gov/40223131/,yes,Mouse,yes,B — Cortex & cortico-striatal / cortico-midbrain
IV self-administration,Heroin IVSA,"Li et al., 2025 (DRN 5-HT punishment model)",2025,Punishment-resistant vs punishment-sensitive heroin self-administration with DRN serotonin electrophysiology and chemogenetic manipulation,Heroin,Rat,,,,,,"Punishment-resistant and punishment-sensitive heroin-taking phenotypes differed behaviorally, and chemogenetic activation of DRN serotonin neurons increased basal and punished heroin intake in resistant animals.",Ex vivo electrophysiology,Ex vivo electrophysiology of dorsal raphe serotonin neurons plus DREADD/chemogenetic manipulation in a heroin punishment/self-administration model.,,no,Medium,Circuit paper with electrophysiology and causal manipulation; not in vivo imaging.,https://www.nature.com/articles/s41386-024-01993-1,yes,Rat,no,Z — Not tagged / distributed or unclear
IV self-administration,Heroin IVSA,"Giannotti et al., 2021",2021,Heroin self-administration relapse study identifying the paraventricular thalamus to nucleus accumbens pathway,Heroin,Rat,,,,,,"The PVT→NAc pathway was necessary and sufficient for heroin relapse after abstinence, and extinction was associated with reduced relapse and loss of synaptic plasticity in this pathway.",Behavior + circuit manipulation,Optogenetics and chemogenetics in a heroin self-administration/relapse model; circuit-level causal tests with pathway-focused plasticity analysis.,,no,High,Strong relapse-circuit paper; manipulation-focused rather than live imaging.,https://pmc.ncbi.nlm.nih.gov/articles/PMC8418780/,yes,Rat,no,"D — Thalamus, habenula, hypothalamus"
IV self-administration,Heroin IVSA,"Heinsbroek et al., 2021",2021,Heroin choice and relapse study identifying a common limiter circuit for opioid choice and relapse,Heroin,Rat,,,,,,"Identified a circuit mechanism that constrains both opioid choice and relapse-like behavior, highlighting a common limiter circuit for heroin-related decision-making and seeking.",Behavior + circuit manipulation,Circuit-manipulation study in heroin choice/relapse behavior; pathway-level causal experiments rather than in vivo imaging.,,no,Medium,Included as a circuit-focused IV heroin seeking paper.,https://pmc.ncbi.nlm.nih.gov/articles/PMC8352904/,yes,Rat,no,Z — Not tagged / distributed or unclear
IV self-administration,Heroin IVSA,"Wang et al., 2025 (PrL→VTA circuit)",2025,Heroin self-administration study linking prelimbic to VTA projection function to stress-potentiated heroin seeking,Heroin,Mouse,,,,,,"Prelimbic-to-VTA projection function contributed to stress-potentiated heroin seeking, supporting a cortical-midbrain circuit mechanism for enhanced relapse vulnerability.",Behavior + circuit manipulation,Circuit-function study of PrL→VTA projection in heroin self-administration and stress-potentiated seeking; manipulation-focused rather than in vivo imaging.,,no,Medium,Added from later circuit-focused screen; distinct from the Wang et al. photometry paper.,https://pmc.ncbi.nlm.nih.gov/articles/PMC12572406/,yes,Mouse,yes,B — Cortex & cortico-striatal / cortico-midbrain
Experimenter-administered injection,Fentanyl injection,"Tian, 2015",2015,Effect of Acute Fentanyl Treatment on Synaptic Plasticity in the Hippocampal CA1 Region in Rats,Fentanyl,Rat,Experimental,Acute fentanyl exposure and washout,Acute fentanyl application,Acute,Hippocampal CA1 Schaffer-collateral pathway,"Acute fentanyl and washout increased CA1 excitability and altered synaptic plasticity, likely through MOR-dependent disinhibition of interneurons.",Ex vivo electrophysiology,Ex vivo electrophysiology,,no,High,,https://www.frontiersin.org/journals/pharmacology/articles/10.3389/fphar.2015.00251/full,no,Rat,no,E — Hippocampus
Experimenter-administered injection,Fentanyl injection,"Gyawali, 2023",2023,Dopamine in the Dorsal Bed Nucleus of Stria Terminalis Signals Pavlovian Sign-Tracking and Reward Violations,Fentanyl,Rat,Experimental,Systemic fentanyl challenge during Pavlovian task sessions,i.p. fentanyl injection,Acute,dBNST dopamine signals,Acute systemic fentanyl did not disrupt cue discrimination but broadly potentiated dBNST dopamine signals during associative behavior.,In vivo imaging,Behavioral phenotyping,Fiber photometry (GRABDA dopamine sensor),yes,High,,https://pubmed.ncbi.nlm.nih.gov/37232554/,no,Rat,no,C — Extended amygdala / BNST / CeA
Experimenter-administered injection,Fentanyl injection,"Wang, 2023",2023,Striatal μ-Opioid Receptor Activation Triggers Direct-Pathway GABAergic Plasticity and Induces Negative Affect,Fentanyl,Mouse,Experimental,"Repeated fentanyl injections and withdrawal, plus CPP",i.p. fentanyl injection,Chronic/withdrawal,"Striatal MOR+ neurons, GPh, and SNc dopamine neurons",Repeated fentanyl exposure potentiated direct-pathway striatal GABA transmission and negative affect during withdrawal; inhibiting MOR+ striatal neurons reduced withdrawal symptoms.,Circuit manipulation,Ex vivo electrophysiology; chemogenetics; activity-dependent tagging; behavior,,no,High,,https://pubmed.ncbi.nlm.nih.gov/36796365/,no,Mouse,yes,"A — Mesolimbic & striatum (VTA, NAc, striatum, VP, dopamine endpoints)"
Experimenter-administered injection,Fentanyl injection,"Chaudun, 2024",2024,Distinct μ-Opioid Ensembles Trigger Positive and Negative Fentanyl Reinforcement,Fentanyl,Mouse,Experimental,Acute fentanyl exposure plus dependence/withdrawal model,Systemic fentanyl injection,Both,VTA GABA/dopamine and CeA MOR ensembles,"Positive reinforcement depended on VTA MOR circuits and dopamine transients, whereas negative reinforcement/withdrawal depended on CeA MOR ensembles.",In vivo imaging,Optogenetics; chemogenetics/knockdown; c-Fos mapping; tracing; behavior,Fiber photometry (calcium and dopamine),yes,High,,https://www.nature.com/articles/s41586-024-07440-x,no,Mouse,yes,Multi (A + C) — overlapping keywords; check `title` / `brain_region`
Experimenter-administered injection,Fentanyl injection,"Luo, 2024",2024,Restoration of the Activity of the Prefrontal Cortex to the Nucleus Accumbens Core Pathway Relieves Fentanyl-Induced Hyperalgesia in Male Rats,Fentanyl,Rat,Experimental,Fentanyl-induced hyperalgesia model,Systemic fentanyl injection,Chronic,PL-mPFC -> NAc core pathway,"Boosting activity in the PL-to-NAc core pathway reversed fentanyl-induced hyperalgesia, while suppressing the pathway worsened or induced hyperalgesia-like states.",Circuit manipulation,Optogenetics; chemogenetics; behavior; histology,,no,High,,https://pubmed.ncbi.nlm.nih.gov/38524691/,no,Rat,no,Multi (A + B) — overlapping keywords; check `title` / `brain_region`
Experimenter-administered injection,Fentanyl injection,"Montemarano, 2025",2025,Projection-Defined Ventral Tegmental Area Neurons Exhibit Distinct Fentanyl-Induced Molecular and Functional Adaptations That Differentially Support Drug-Context Associations,Fentanyl,Mouse,Experimental,Fentanyl CPP and circuit profiling,Systemic fentanyl injection,Both,VTA->NAc versus VTA->PFC projections,"Fentanyl drove discordant molecular adaptations in VTA-NAc vs VTA-PFC neurons, and the two projections encoded fentanyl-context associations on different timescales.",In vivo imaging,RNA-seq; chemogenetics; CPP,Fiber photometry (calcium),yes,High,,https://pubmed.ncbi.nlm.nih.gov/41409149/,no,Mouse,yes,"A — Mesolimbic & striatum (VTA, NAc, striatum, VP, dopamine endpoints)"
Experimenter-administered injection,Fentanyl injection,"Wooldridge, 2025",2025,Central Amygdalar PKCδ Neurons Mediate Fentanyl Withdrawal,Fentanyl,Mouse,Experimental,Fentanyl dependence with naloxone-precipitated withdrawal,Systemic fentanyl exposure,Chronic/withdrawal,CeA lateral-capsule PKCδ neurons,"CeLC PKCδ neurons became hyperactive during fentanyl withdrawal, and chronic inhibition of these neurons attenuated withdrawal symptoms.",In vivo imaging,Chronic viral inhibition; activity mapping; pain/withdrawal behavior,Fiber photometry (calcium),yes,High,,https://pubmed.ncbi.nlm.nih.gov/41419678/,no,Mouse,yes,C — Extended amygdala / BNST / CeA
Experimenter-administered injection,Morphine injection,"Terman, 2004",2004,G-Protein Receptor Kinase 3 (GRK3) Influences Opioid Analgesic Tolerance but Not Opioid Withdrawal,Morphine + fentanyl,Mouse,Experimental,Repeated opioid treatment with tolerance assays,Systemic morphine and fentanyl administration,Chronic,Electrophysiologic and behavioral tolerance mechanisms,"GRK3-dependent mechanisms contributed more strongly to fentanyl than morphine tolerance, linking agonist efficacy to electrophysiologic and behavioral tolerance.",Ex vivo electrophysiology,Electrophysiology; genetics; behavior,,no,High,,https://pubmed.ncbi.nlm.nih.gov/14662727/,no,Mouse,yes,Z — Not tagged / distributed or unclear
Experimenter-administered injection,Morphine injection,"Brown, 2010",2010,Drug-Driven AMPA Receptor Redistribution Mimicked by Selective Dopamine Neuron Stimulation,Morphine,Mouse,Experimental,Single morphine injection compared with optogenetic dopamine-neuron stimulation,Systemic morphine injection,Acute,VTA dopamine neurons / excitatory synapses,"A single morphine exposure triggered AMPAR redistribution at VTA dopamine-neuron synapses, and selective in vivo dopamine-neuron stimulation mimicked this plasticity.",Ex vivo electrophysiology,Ex vivo whole-cell patch clamp; electron microscopy; optogenetics,,no,High,,https://pubmed.ncbi.nlm.nih.gov/21209835/,no,Mouse,yes,"A — Mesolimbic & striatum (VTA, NAc, striatum, VP, dopamine endpoints)"
Experimenter-administered injection,Morphine injection,"Jalabert, 2011",2011,Neuronal Circuits Underlying Acute Morphine Action on Dopamine Neurons,Morphine,Rat,Experimental,Acute experimenter-administered morphine in rats,Systemic + local circuit manipulations,Acute,RMTg/tVTA -> VTA dopamine circuit,Acute morphine increases dopamine-neuron firing by acting on mu-opioid receptors on RMTg/tVTA efferents that inhibit VTA dopamine neurons.,In vivo electrophysiology,In vivo electrophysiology; tract tracing; targeted neuronal inactivation,,no,High,,https://pubmed.ncbi.nlm.nih.gov/21930931/,no,Rat,no,"A — Mesolimbic & striatum (VTA, NAc, striatum, VP, dopamine endpoints)"
Experimenter-administered injection,Morphine injection,"Mazei-Robison, 2011",2011,Role for mTOR Signaling and Neuronal Activity in Morphine-Induced Adaptations in Ventral Tegmental Area Dopamine Neurons,Morphine,Mouse + rat + human postmortem comparison,Experimental,Chronic morphine exposure,Morphine pellets / repeated exposure,Chronic,VTA dopamine neurons -> NAc dopamine output,"Chronic morphine decreased VTA dopamine-neuron size, increased excitability, and lowered dopamine output via reduced AKT-mTORC2 signaling.",Ex vivo electrophysiology,Ex vivo electrophysiology; fast-scan cyclic voltammetry; viral manipulation; morphometry; immunohistochemistry,,no,High,,https://pubmed.ncbi.nlm.nih.gov/22196333/,no,Mouse + rat,partial,"A — Mesolimbic & striatum (VTA, NAc, striatum, VP, dopamine endpoints)"
Experimenter-administered injection,Morphine injection,"Matsui, 2014",2014,Separate GABA Afferents to Dopamine Neurons Mediate Acute Action and Tolerance to Morphine,Morphine,Rat,Experimental,Acute and chronic morphine exposure,Systemic morphine exposure plus slice testing,Both,"RMTg, NAc, and VTA interneuron GABA inputs to VTA dopamine neurons","Morphine preferentially inhibited RMTg inputs to VTA dopamine neurons, and chronic exposure produced pathway-specific tolerance patterns across GABA afferents.",Ex vivo electrophysiology,Optogenetics; ex vivo slice electrophysiology,,no,High,,https://pmc.ncbi.nlm.nih.gov/articles/PMC4072256/,no,Rat,no,"A — Mesolimbic & striatum (VTA, NAc, striatum, VP, dopamine endpoints)"
Experimenter-administered injection,Morphine injection,"Lefevre, 2020",2020,Interruption of Continuous Opioid Exposure Exacerbates Drug-Evoked Adaptations in the Mesolimbic Dopamine System,Morphine,Mouse,Experimental,Continuous morphine vs interrupted exposure with naloxone challenges,Osmotic morphine pump + naloxone injections,Chronic,NAc dopamine system and striatal transcription,"Interrupted morphine exposure enhanced locomotor sensitization, amplified NAc dopamine signals, and drove stronger transcriptional changes than uninterrupted exposure.",In vivo imaging,RNA-seq; locomotor behavior,Fiber photometry (dopamine sensor),yes,High,,https://pubmed.ncbi.nlm.nih.gov/32079024/,no,Mouse,yes,"A — Mesolimbic & striatum (VTA, NAc, striatum, VP, dopamine endpoints)"
Experimenter-administered injection,Morphine injection,"Sun, 2021",2021,Projection-Specific Dopamine Neurons in the Ventral Tegmental Area Participated in Morphine-Induced Hyperalgesia and Anti-Nociceptive Tolerance in Male Mice,Morphine,Mouse,Experimental,Chronic morphine treatment causing hyperalgesia and tolerance,Systemic morphine injection,Chronic,NAc-shell-projecting vs mPFC-projecting VTA dopamine neurons,"NAc-shell-projecting, but not mPFC-projecting, VTA dopamine neurons contributed to morphine-induced hyperalgesia and antinociceptive tolerance.",Circuit manipulation,c-Fos mapping; chemogenetics; lidocaine microinjection; lesion/ablation; behavior,,no,High,,https://pubmed.ncbi.nlm.nih.gov/33749357/,no,Mouse,yes,"A — Mesolimbic & striatum (VTA, NAc, striatum, VP, dopamine endpoints)"
Experimenter-administered injection,Morphine injection,"Zeng, 2021",2021,Reduction of Prefrontal Purinergic Signaling Is Necessary for the Analgesic Effect of Morphine,Morphine,Mouse,Experimental,Acute and repeated morphine injections,Systemic morphine injection,Both,Prefrontal cortex purinergic signaling,"Morphine lowered prefrontal ATP signals after injection, but this effect waned with repeated exposure, linking reduced purinergic signaling to analgesia and tolerance.",In vivo imaging,Pharmacology; behavior,Fiber photometry (ATP sensor),yes,High,,https://pubmed.ncbi.nlm.nih.gov/33733073/,no,Mouse,yes,B — Cortex & cortico-striatal / cortico-midbrain
Experimenter-administered injection,Morphine injection,"Lefevre, 2023",2023,Differential Patterns of Synaptic Plasticity in the Nucleus Accumbens Caused by Continuous and Interrupted Morphine Exposure,Morphine,Mouse,Experimental,Continuous morphine vs interrupted exposure with naloxone-precipitated withdrawal,Osmotic morphine pump + naloxone injections,Chronic,NAc shell medium spiny neurons,Continuous and interrupted morphine exposure produced different NAc shell synaptic adaptations that paralleled different behavioral tolerance/sensitization profiles.,Ex vivo electrophysiology,Ex vivo slice electrophysiology; behavior,,no,High,,https://pubmed.ncbi.nlm.nih.gov/36396404/,no,Mouse,yes,"A — Mesolimbic & striatum (VTA, NAc, striatum, VP, dopamine endpoints)"
Experimenter-administered injection,Morphine injection,"Sheng, 2023",2023,Nucleus Accumbens Circuit Disinhibits Lateral Hypothalamus Glutamatergic Neurons Contributing to Morphine Withdrawal Memory in Male Mice,Morphine,Mouse,Experimental,Morphine withdrawal conditioned place aversion memory,Systemic morphine treatment,Chronic/withdrawal,NAc core D1 MSNs -> LH glutamatergic neurons,Context-driven morphine withdrawal memory depended on LH glutamatergic neurons engaged by NAc core D1-MSN projections through local LH GABA disinhibition.,Circuit manipulation,Chemogenetics; c-Fos + FISH; circuit tracing; behavior,,no,High,,https://www.nature.com/articles/s41467-022-35758-5,no,Mouse,yes,Multi (A + D) — overlapping keywords; check `title` / `brain_region`
Experimenter-administered injection,Morphine injection,"Zhu, 2023",2023,Nucleus Accumbens D1/D2 Circuits Control Opioid Withdrawal Symptoms in Mice,Morphine,Mouse,Experimental,Morphine dependence and withdrawal,Systemic morphine treatment with withdrawal testing,Chronic/withdrawal,BLA -> NAc D1 and PVT -> NAc D2 pathways,"BLA-to-NAc D1 circuitry regulated depressive-like behaviors after morphine withdrawal, whereas PVT-to-NAc D2 circuitry controlled acute withdrawal symptoms.",Circuit manipulation,Optogenetics; ex vivo optogenetic LTD; patch clamp; behavior,,no,High,,https://pmc.ncbi.nlm.nih.gov/articles/PMC10503809/,no,Mouse,yes,"A — Mesolimbic & striatum (VTA, NAc, striatum, VP, dopamine endpoints)"
Experimenter-administered injection,Morphine injection,"Gooding, 2024",2024,Nucleus Accumbens Sub-Regions Experience Distinct Dopamine Release Responses Following Acute and Chronic Morphine Exposure,Morphine,Mouse,Experimental,"Longitudinal acute morphine, repeated morphine, and withdrawal testing",IV morphine challenge within dependence paradigm,Both,Medial vs lateral NAc shell dopamine,"Medial and lateral NAc shell dopamine signals diverged across acute morphine, repeated exposure, and withdrawal, showing strong subregion-specific dynamics.",In vivo imaging,Longitudinal behavior,Fiber photometry (dLight dopamine sensor),yes,High,,https://pubmed.ncbi.nlm.nih.gov/39005415/,no,Mouse,yes,"A — Mesolimbic & striatum (VTA, NAc, striatum, VP, dopamine endpoints)"
Experimenter-administered injection,Morphine injection,"Jaeckel, 2024",2024,"Chronic Morphine Induces Adaptations in Opioid Receptor Signaling in a Thalamostriatal Circuit That Are Location Dependent, Sex Specific, and Regulated by μ-Opioid Receptor Phosphorylation",Morphine,Mouse,Experimental,Seven-day chronic morphine treatment,Osmotic minipump morphine,Chronic,Medial thalamus -> dorsomedial striatum circuit,"Chronic morphine facilitated morphine sensitivity at MThal-DMS terminals in males but induced tolerance at thalamic cell bodies in both sexes, revealing projection- and compartment-specific adaptations.",Ex vivo electrophysiology,Optogenetics; ex vivo whole-cell patch clamp; retrograde tracing,,no,High,,https://pubmed.ncbi.nlm.nih.gov/37985179/,no,Mouse,yes,"A — Mesolimbic & striatum (VTA, NAc, striatum, VP, dopamine endpoints)"
Experimenter-administered injection,Morphine injection,"Jiang, 2024",2024,Targeting Mitochondrial Dynamics of Morphine-Responsive Dopaminergic Ensembles in the VTA Reverses Morphine Withdrawal Symptoms,Morphine,Mouse,Experimental,Chronic morphine with ensemble tagging and withdrawal assays,Systemic morphine administration,Chronic/withdrawal,VTA dopaminergic morphine-responsive ensembles,"Chronic morphine disrupted mitochondrial programs in morphine-responsive VTA dopamine ensembles, and restoring mitochondrial fusion reduced withdrawal-related maladaptations.",Transcriptomics,Single-cell RNA-seq; smFISH; electrophysiology; viral tagging/manipulation; histology,,no,High,,https://pubmed.ncbi.nlm.nih.gov/38236644/,no,Mouse,yes,"A — Mesolimbic & striatum (VTA, NAc, striatum, VP, dopamine endpoints)"
Experimenter-administered injection,Morphine injection,"Edwards, 2026",2026,Chronic Morphine Differentially Impacts Glutamatergic Synaptic Plasticity in the Ventral Tegmental Area of Adult versus Adolescent Mice,Morphine,Mouse,Experimental,7-10 day chronic morphine in adolescent vs adult mice,Systemic morphine injection,Chronic,Excitatory inputs to VTA GABA cells,"Chronic morphine disrupted glutamatergic LTD and MOR-linked synaptic depression in VTA GABA cells, with age-dependent effects across adolescent and adult mice.",Ex vivo electrophysiology,Ex vivo electrophysiology,,no,High,,https://pubmed.ncbi.nlm.nih.gov/41831711/,no,Mouse,yes,"A — Mesolimbic & striatum (VTA, NAc, striatum, VP, dopamine endpoints)"
Experimenter-administered injection,Review / methods,"Doyle, 2021",2021,Opioid-Induced Molecular and Cellular Plasticity of Ventral Tegmental Area Dopamine Neurons,Morphine + fentanyl + other opioids,Rodent literature,Review,Review of acute and chronic opioid effects on VTA dopamine neurons,Various,Both,VTA dopamine neurons and afferents,"Review synthesizes cellular, structural, and synaptic plasticity caused by opioids in VTA dopamine neurons, emphasizing acute and chronic adaptations.",Review,Narrative review,,no,High,,https://pmc.ncbi.nlm.nih.gov/articles/PMC7371531/,no,Review / cross-species (see `species` column),n/a,Z — Review / survey (use title for topics)
Experimenter-administered injection,Review / methods,"Han, 2022",2022,"Unique Pharmacology, Brain Dysfunction, and Therapeutic Advancements for Fentanyl Misuse and Abuse",Fentanyl,Rodent + human literature,Review,"Review of fentanyl pharmacology, circuit dysfunction, and treatment approaches",Various,Both,"Multiple reward, pain, and respiratory circuits","Review argues fentanyl engages distinct pharmacology and broad circuit dysfunction, with gaps in translational therapeutics.",Review,Narrative review,,no,High,,https://pmc.ncbi.nlm.nih.gov/articles/PMC9107910/,no,Review / cross-species (see `species` column),n/a,Z — Review / survey (use title for topics)
Experimenter-administered injection,Review / methods,"Koponen, 2022",2022,Pharmacological Interventions for Opioid-Induced Hyperalgesia: A Scoping Review of Preclinical Trials,Morphine + fentanyl,Rodent literature,Review,Scoping review of preclinical opioid-induced hyperalgesia interventions,Various,Both,Pain and opioid-adaptation systems,"Review catalogs many preclinical interventions for OIH caused by fentanyl, morphine, or remifentanil and highlights the field's breadth but limited synthesis.",Review,Scoping review,,no,High,,https://www.mdpi.com/2077-0383/11/23/7060,no,Review / cross-species (see `species` column),n/a,Z — Review / survey (use title for topics)
Experimenter-administered injection,Review / methods,"Wang, 2023",2023,The Dopaminergic System in the Ventral Tegmental Area Contributes to Morphine Analgesia and Tolerance,Morphine,Rodent literature,Review,Review focused on VTA dopamine mechanisms in morphine analgesia and tolerance,Various,Both,VTA dopamine and non-dopamine circuits,"Review summarizes evidence that dopamine receptors, MORs, and VTA circuit interactions contribute to morphine analgesia and tolerance.",Review,Narrative review,,no,High,,https://pubmed.ncbi.nlm.nih.gov/37286162/,no,Review / cross-species (see `species` column),n/a,Z — Review / survey (use title for topics)
IV self-administration,Heroin IVSA,"George et al., 2021",2021,Heroin self-administration with ex vivo dopamine readouts in nucleus accumbens shell,Heroin,Rat,,,,,,"Heroin self-administration alters NAc shell dopamine signaling and MOR-related measures, linking opioid intake history to mesolimbic neurochemical adaptations.",Ex vivo neurochemistry / protein assay,Behavioral IVSA plus ex vivo fast-scan cyclic voltammetry in NAc shell and MOR protein quantification.,,no,High,Not in vivo imaging during behavior.,User-provided in prompt; exact lookup not added,yes,Rat,no,"A — Mesolimbic & striatum (VTA, NAc, striatum, VP, dopamine endpoints)"
IV self-administration,Heroin IVSA,"Paniccia et al., 2024",2024,Head-fixed intravenous heroin self-administration with deep-brain two-photon calcium imaging of PVT→NAc neurons,Heroin,Mouse,,,,,,"PVT→NAc neural population dynamics evolve across heroin acquisition and reinstatement, showing real-time circuit activity linked to volitional heroin taking and relapse-like behavior.",In vivo imaging,Head-fixed IV heroin self-administration combined with deep-brain two-photon calcium imaging of PVT→NAc neurons across acquisition and reinstatement.,,yes,High,Strong in vivo imaging paper.,User-provided in prompt; exact lookup not added,yes,Mouse,yes,"D — Thalamus, habenula, hypothalamus"
IV self-administration,Heroin IVSA,"Clarke et al., 2024",2024,Two-photon calcium imaging of prelimbic corticostriatal neurons from heroin use to relapse,Heroin,Mouse,,,,,,"Prelimbic corticostriatal neurons show dynamic activity patterns spanning heroin taking through relapse-like behavior, supporting cortical ensemble remodeling across addiction phases.",In vivo imaging,Behavioral heroin IVSA with in vivo two-photon calcium imaging of prelimbic corticostriatal neurons from use to relapse.,,yes,High,Strong in vivo imaging paper.,User-provided in prompt; exact lookup not added,yes,Mouse,yes,B — Cortex & cortico-striatal / cortico-midbrain
IV self-administration,Heroin IVSA,"Chen et al., 2024",2024,"Fiber photometry during heroin self-administration, extinction, and context-induced relapse",Heroin,Rat,,,,,,"VP glutamatergic neurons, LHb neurons, and VP→LHb terminals show state-dependent calcium dynamics across heroin self-administration, extinction, and context-induced relapse.",In vivo imaging,"Behavioral heroin self-administration with fiber photometry in VP glutamatergic neurons, LHb neurons, and VP→LHb terminals during SA, extinction, and relapse.",,yes,High,In vivo calcium recording during behavior.,User-provided in prompt; exact lookup not added,yes,Rat,no,"D — Thalamus, habenula, hypothalamus"
IV self-administration,Fentanyl IVSA,"Higginbotham et al., 2025",2025,Wireless fiber photometry of VTA dopamine signals during fentanyl self-administration in a pain-facilitated model,Fentanyl,Rodent,,,,,,"VTA dopamine signals track fentanyl self-administration in a pain-facilitated model, supporting real-time mesolimbic encoding of fentanyl taking under clinically relevant conditions.",In vivo imaging,Wireless in vivo fiber photometry of VTA dopamine signals during fentanyl self-administration in a pain-facilitated model.,,yes,High,In vivo photometry during fentanyl SA. Species kept broad here because only rodent context was provided in the prompt.,User-provided in prompt; exact lookup not added,yes,Rat,no,"A — Mesolimbic & striatum (VTA, NAc, striatum, VP, dopamine endpoints)"
